id,text
1000.jpg,14TT8061
1001.jpg,14TT8561
1002.jpg,14TT8561
1003.jpg,14TT9561
1004.jpg,14TT8061
1005.jpg,10TT8960
1006.jpg,102T9066
1007.jpg,14TT9060
1008.jpg,13TT8066
1009.jpg,10TT8066
1010.jpg,102T8066
1011.jpg,10TT8061
1012.jpg,13TT8060
1013.jpg,10TT8066
1014.jpg,102T8066
1015.jpg,14TT9560
1016.jpg,13TT8061
1017.jpg,10TT8560
1018.jpg,14TT8066
1019.jpg,10TT8066
1020.jpg,10TT8066
1021.jpg,14TT8066
1022.jpg,10TT8060
1023.jpg,14TT8066
1024.jpg,14TT8066
1025.jpg,14TT8061
1026.jpg,133T9061
1027.jpg,14TT8066
1028.jpg,14TT8061
1029.jpg,10TT8060
1030.jpg,10TT8061
1031.jpg,10TT8060
1032.jpg,10TT9066
1033.jpg,14TT9966
1034.jpg,14TT9060
1035.jpg,10TT9060
1036.jpg,14TT8066
1037.jpg,10TT8261
1038.jpg,14TT8561
1039.jpg,10TT9066
1040.jpg,14TT8061
1041.jpg,143T8066
1042.jpg,14TT9060
1043.jpg,10TT8560
1044.jpg,14TT8066
1045.jpg,10TT8060
1046.jpg,14TT9061
1047.jpg,10TT9060
1048.jpg,103T8066
1049.jpg,13TT9066
1050.jpg,13TT9061
1051.jpg,133T9066
1052.jpg,10TT8060
1053.jpg,133T8066
1054.jpg,14TT8066
1055.jpg,14TT8066
1056.jpg,13TT9066
1057.jpg,10TT8560
1058.jpg,14TT9060
1059.jpg,112T9060
1060.jpg,14TT8061
1061.jpg,10TT8066
1062.jpg,14TT9066
1063.jpg,138T9061
1064.jpg,10TT8060
1065.jpg,10TT8560
1066.jpg,102T8060
1067.jpg,14TT8560
1068.jpg,102T8066
1069.jpg,143T9960
1070.jpg,142T8060
1071.jpg,14TT9060
1072.jpg,13TT8066
1073.jpg,10TT8066
1074.jpg,14TT8060
1075.jpg,14TT8061
1076.jpg,142T9066
1077.jpg,10TT8560
1078.jpg,10TT8060
1079.jpg,10TT8066
1080.jpg,13TT8061
1081.jpg,10TT8066
1082.jpg,14TT8066
1083.jpg,13TT8060
1084.jpg,14TT8061
1085.jpg,14TT8061
1086.jpg,14TT8066
1087.jpg,10TT8060
1088.jpg,133T2480
1089.jpg,14TT9060
1090.jpg,14TT8061
1091.jpg,14TT9060
1092.jpg,10TT8060
1093.jpg,14TT8061
1094.jpg,14TT8061
1095.jpg,10TT8080
1096.jpg,102T8066
1098.jpg,106T8061
1099.jpg,103T9066
1100.jpg,133T8066
1101.jpg,10TT8066
1102.jpg,108T9960
1103.jpg,10TT9960
1104.jpg,10TT9060
1105.jpg,10TT8066
1106.jpg,10TT8560
1107.jpg,102T8086
1108.jpg,14TT8066
1109.jpg,14TT8566
1110.jpg,10TT8066
1111.jpg,14TT8260
1112.jpg,10TT8060
1113.jpg,112T8066
901.jpg,102T8066
902.jpg,10TT8066
903.jpg,102T8066
904.jpg,13TT8086
905.jpg,10TT8060
906.jpg,14TT8066
907.jpg,14TT8066
908.jpg,10TT8061
909.jpg,14TT8066
910.jpg,14TT8060
911.jpg,10TT8060
912.jpg,103T9566
913.jpg,14TT8061
914.jpg,14TT8066
915.jpg,10TT8266
917.jpg,14TT8561
918.jpg,102T8061
919.jpg,142T9061
920.jpg,138T9066
921.jpg,106T8066
922.jpg,10TT8060
923.jpg,10TT8060
924.jpg,142T8066
925.jpg,14TT8066
926.jpg,14TT8066
927.jpg,142T9066
928.jpg,14TT8066
929.jpg,14TT8061
930.jpg,102T8066
931.jpg,14TT8061
932.jpg,14TT8066
933.jpg,133T8066
934.jpg,13TT8066
935.jpg,14TT8066
936.jpg,14TT8060
937.jpg,133T9066
938.jpg,14TT8560
939.jpg,13TT8061
940.jpg,14TT9560
941.jpg,13TT8061
942.jpg,14TT8066
943.jpg,10TT9066
944.jpg,10TT8060
945.jpg,16TT8066
946.jpg,10TT8066
947.jpg,14TT8066
948.jpg,10TT9060
949.jpg,143T8081
950.jpg,14TT9560
951.jpg,102T8066
952.jpg,10TT8066
953.jpg,10TT8066
954.jpg,142T8061
955.jpg,14TT9560
956.jpg,102T8061
957.jpg,13TT8066
958.jpg,10TT8066
959.jpg,13TT8061
960.jpg,10TT9066
961.jpg,14TT9560
962.jpg,10TT8060
963.jpg,106T8061
964.jpg,142T8061
965.jpg,10TT8060
966.jpg,13TT9561
967.jpg,10TT8560
968.jpg,10TT9060
969.jpg,14TT9560
970.jpg,102T9066
971.jpg,143T8066
972.jpg,102T8066
973.jpg,14TT8066
974.jpg,102T8066
975.jpg,14TT8066
976.jpg,14TT8061
977.jpg,13TT9061
978.jpg,14TT8066
979.jpg,112T8066
981.jpg,10TT8080
982.jpg,10TT8066
983.jpg,14TT9066
984.jpg,102T8066
985.jpg,13TT2060
986.jpg,14TT8061
987.jpg,14TT8066
988.jpg,14TT8066
989.jpg,13TT8066
990.jpg,14TT8066
991.jpg,14TT8060
992.jpg,10TT8066
993.jpg,10TT9260
994.jpg,10TT9066
995.jpg,14TT8066
996.jpg,14TT8066
997.jpg,13TT9060
998.jpg,14TT9560
999.jpg,111T9960
